timestamp,suite,run_name,checkpoint,seed,task_id,task_name,episode_idx,success,total_reward,steps,max_steps,expert_prefix_steps,video_path
2026-07-04T11:38:27.809339+00:00,libero_10,diagnostic_event_gated_act_h20_task2_fast_tokens8_seed44,checkpoints/diagnostic_event_gated_task2_seed44_fast_tokens8/diagnostic_event_gated_act_h20_task2_fast_tokens8_seed44/best.pt,42,2,KITCHEN_SCENE3_turn_on_the_stove_and_put_the_moka_pot_on_it,0,0,0.0,300,300,0,
2026-07-04T11:38:41.563901+00:00,libero_10,diagnostic_event_gated_act_h20_task2_fast_tokens8_seed44,checkpoints/diagnostic_event_gated_task2_seed44_fast_tokens8/diagnostic_event_gated_act_h20_task2_fast_tokens8_seed44/best.pt,42,2,KITCHEN_SCENE3_turn_on_the_stove_and_put_the_moka_pot_on_it,1,0,0.0,300,300,0,
2026-07-04T11:38:55.503783+00:00,libero_10,diagnostic_event_gated_act_h20_task2_fast_tokens8_seed44,checkpoints/diagnostic_event_gated_task2_seed44_fast_tokens8/diagnostic_event_gated_act_h20_task2_fast_tokens8_seed44/best.pt,42,2,KITCHEN_SCENE3_turn_on_the_stove_and_put_the_moka_pot_on_it,4,0,0.0,300,300,0,
2026-07-04T11:39:09.200005+00:00,libero_10,diagnostic_event_gated_act_h20_task2_fast_tokens8_seed44,checkpoints/diagnostic_event_gated_task2_seed44_fast_tokens8/diagnostic_event_gated_act_h20_task2_fast_tokens8_seed44/best.pt,42,2,KITCHEN_SCENE3_turn_on_the_stove_and_put_the_moka_pot_on_it,5,0,0.0,300,300,0,
2026-07-04T11:39:22.530896+00:00,libero_10,diagnostic_event_gated_act_h20_task2_fast_tokens8_seed44,checkpoints/diagnostic_event_gated_task2_seed44_fast_tokens8/diagnostic_event_gated_act_h20_task2_fast_tokens8_seed44/best.pt,42,2,KITCHEN_SCENE3_turn_on_the_stove_and_put_the_moka_pot_on_it,6,0,0.0,300,300,0,
2026-07-04T11:39:35.466012+00:00,libero_10,diagnostic_event_gated_act_h20_task2_fast_tokens8_seed44,checkpoints/diagnostic_event_gated_task2_seed44_fast_tokens8/diagnostic_event_gated_act_h20_task2_fast_tokens8_seed44/best.pt,42,2,KITCHEN_SCENE3_turn_on_the_stove_and_put_the_moka_pot_on_it,8,0,0.0,300,300,0,
2026-07-04T11:39:49.175812+00:00,libero_10,diagnostic_event_gated_act_h20_task2_fast_tokens8_seed44,checkpoints/diagnostic_event_gated_task2_seed44_fast_tokens8/diagnostic_event_gated_act_h20_task2_fast_tokens8_seed44/best.pt,42,2,KITCHEN_SCENE3_turn_on_the_stove_and_put_the_moka_pot_on_it,10,0,0.0,300,300,0,
2026-07-04T11:40:02.914403+00:00,libero_10,diagnostic_event_gated_act_h20_task2_fast_tokens8_seed44,checkpoints/diagnostic_event_gated_task2_seed44_fast_tokens8/diagnostic_event_gated_act_h20_task2_fast_tokens8_seed44/best.pt,42,2,KITCHEN_SCENE3_turn_on_the_stove_and_put_the_moka_pot_on_it,12,0,0.0,300,300,0,
2026-07-04T11:40:14.534000+00:00,libero_10,diagnostic_event_gated_act_h20_task2_fast_tokens8_seed44,checkpoints/diagnostic_event_gated_task2_seed44_fast_tokens8/diagnostic_event_gated_act_h20_task2_fast_tokens8_seed44/best.pt,42,2,KITCHEN_SCENE3_turn_on_the_stove_and_put_the_moka_pot_on_it,13,1,1.0,264,300,0,
2026-07-04T11:40:27.518598+00:00,libero_10,diagnostic_event_gated_act_h20_task2_fast_tokens8_seed44,checkpoints/diagnostic_event_gated_task2_seed44_fast_tokens8/diagnostic_event_gated_act_h20_task2_fast_tokens8_seed44/best.pt,42,2,KITCHEN_SCENE3_turn_on_the_stove_and_put_the_moka_pot_on_it,14,0,0.0,300,300,0,
2026-07-04T11:40:41.338967+00:00,libero_10,diagnostic_event_gated_act_h20_task2_fast_tokens8_seed44,checkpoints/diagnostic_event_gated_task2_seed44_fast_tokens8/diagnostic_event_gated_act_h20_task2_fast_tokens8_seed44/best.pt,42,2,KITCHEN_SCENE3_turn_on_the_stove_and_put_the_moka_pot_on_it,15,0,0.0,300,300,0,
2026-07-04T11:40:54.852090+00:00,libero_10,diagnostic_event_gated_act_h20_task2_fast_tokens8_seed44,checkpoints/diagnostic_event_gated_task2_seed44_fast_tokens8/diagnostic_event_gated_act_h20_task2_fast_tokens8_seed44/best.pt,42,2,KITCHEN_SCENE3_turn_on_the_stove_and_put_the_moka_pot_on_it,16,0,0.0,300,300,0,
2026-07-04T11:41:08.096485+00:00,libero_10,diagnostic_event_gated_act_h20_task2_fast_tokens8_seed44,checkpoints/diagnostic_event_gated_task2_seed44_fast_tokens8/diagnostic_event_gated_act_h20_task2_fast_tokens8_seed44/best.pt,42,2,KITCHEN_SCENE3_turn_on_the_stove_and_put_the_moka_pot_on_it,17,0,0.0,300,300,0,
2026-07-04T11:41:21.751367+00:00,libero_10,diagnostic_event_gated_act_h20_task2_fast_tokens8_seed44,checkpoints/diagnostic_event_gated_task2_seed44_fast_tokens8/diagnostic_event_gated_act_h20_task2_fast_tokens8_seed44/best.pt,42,2,KITCHEN_SCENE3_turn_on_the_stove_and_put_the_moka_pot_on_it,18,0,0.0,300,300,0,
2026-07-04T11:41:35.013589+00:00,libero_10,diagnostic_event_gated_act_h20_task2_fast_tokens8_seed44,checkpoints/diagnostic_event_gated_task2_seed44_fast_tokens8/diagnostic_event_gated_act_h20_task2_fast_tokens8_seed44/best.pt,42,2,KITCHEN_SCENE3_turn_on_the_stove_and_put_the_moka_pot_on_it,19,0,0.0,300,300,0,
2026-07-04T11:41:48.595241+00:00,libero_10,diagnostic_event_gated_act_h20_task2_fast_tokens8_seed44,checkpoints/diagnostic_event_gated_task2_seed44_fast_tokens8/diagnostic_event_gated_act_h20_task2_fast_tokens8_seed44/best.pt,42,2,KITCHEN_SCENE3_turn_on_the_stove_and_put_the_moka_pot_on_it,21,0,0.0,300,300,0,
2026-07-04T11:42:02.283651+00:00,libero_10,diagnostic_event_gated_act_h20_task2_fast_tokens8_seed44,checkpoints/diagnostic_event_gated_task2_seed44_fast_tokens8/diagnostic_event_gated_act_h20_task2_fast_tokens8_seed44/best.pt,42,2,KITCHEN_SCENE3_turn_on_the_stove_and_put_the_moka_pot_on_it,24,0,0.0,300,300,0,
2026-07-04T11:42:16.169627+00:00,libero_10,diagnostic_event_gated_act_h20_task2_fast_tokens8_seed44,checkpoints/diagnostic_event_gated_task2_seed44_fast_tokens8/diagnostic_event_gated_act_h20_task2_fast_tokens8_seed44/best.pt,42,2,KITCHEN_SCENE3_turn_on_the_stove_and_put_the_moka_pot_on_it,25,0,0.0,300,300,0,
2026-07-04T11:42:29.430121+00:00,libero_10,diagnostic_event_gated_act_h20_task2_fast_tokens8_seed44,checkpoints/diagnostic_event_gated_task2_seed44_fast_tokens8/diagnostic_event_gated_act_h20_task2_fast_tokens8_seed44/best.pt,42,2,KITCHEN_SCENE3_turn_on_the_stove_and_put_the_moka_pot_on_it,26,0,0.0,300,300,0,
2026-07-04T11:42:43.235983+00:00,libero_10,diagnostic_event_gated_act_h20_task2_fast_tokens8_seed44,checkpoints/diagnostic_event_gated_task2_seed44_fast_tokens8/diagnostic_event_gated_act_h20_task2_fast_tokens8_seed44/best.pt,42,2,KITCHEN_SCENE3_turn_on_the_stove_and_put_the_moka_pot_on_it,27,0,0.0,300,300,0,
2026-07-04T11:42:56.571961+00:00,libero_10,diagnostic_event_gated_act_h20_task2_fast_tokens8_seed44,checkpoints/diagnostic_event_gated_task2_seed44_fast_tokens8/diagnostic_event_gated_act_h20_task2_fast_tokens8_seed44/best.pt,42,2,KITCHEN_SCENE3_turn_on_the_stove_and_put_the_moka_pot_on_it,28,0,0.0,300,300,0,
2026-07-04T11:43:10.288107+00:00,libero_10,diagnostic_event_gated_act_h20_task2_fast_tokens8_seed44,checkpoints/diagnostic_event_gated_task2_seed44_fast_tokens8/diagnostic_event_gated_act_h20_task2_fast_tokens8_seed44/best.pt,42,2,KITCHEN_SCENE3_turn_on_the_stove_and_put_the_moka_pot_on_it,30,0,0.0,300,300,0,
2026-07-04T11:43:23.799571+00:00,libero_10,diagnostic_event_gated_act_h20_task2_fast_tokens8_seed44,checkpoints/diagnostic_event_gated_task2_seed44_fast_tokens8/diagnostic_event_gated_act_h20_task2_fast_tokens8_seed44/best.pt,42,2,KITCHEN_SCENE3_turn_on_the_stove_and_put_the_moka_pot_on_it,31,0,0.0,300,300,0,
2026-07-04T11:43:37.282116+00:00,libero_10,diagnostic_event_gated_act_h20_task2_fast_tokens8_seed44,checkpoints/diagnostic_event_gated_task2_seed44_fast_tokens8/diagnostic_event_gated_act_h20_task2_fast_tokens8_seed44/best.pt,42,2,KITCHEN_SCENE3_turn_on_the_stove_and_put_the_moka_pot_on_it,32,0,0.0,300,300,0,
2026-07-04T11:43:50.567008+00:00,libero_10,diagnostic_event_gated_act_h20_task2_fast_tokens8_seed44,checkpoints/diagnostic_event_gated_task2_seed44_fast_tokens8/diagnostic_event_gated_act_h20_task2_fast_tokens8_seed44/best.pt,42,2,KITCHEN_SCENE3_turn_on_the_stove_and_put_the_moka_pot_on_it,33,0,0.0,300,300,0,
2026-07-04T11:44:04.478526+00:00,libero_10,diagnostic_event_gated_act_h20_task2_fast_tokens8_seed44,checkpoints/diagnostic_event_gated_task2_seed44_fast_tokens8/diagnostic_event_gated_act_h20_task2_fast_tokens8_seed44/best.pt,42,2,KITCHEN_SCENE3_turn_on_the_stove_and_put_the_moka_pot_on_it,34,0,0.0,300,300,0,
2026-07-04T11:44:18.245514+00:00,libero_10,diagnostic_event_gated_act_h20_task2_fast_tokens8_seed44,checkpoints/diagnostic_event_gated_task2_seed44_fast_tokens8/diagnostic_event_gated_act_h20_task2_fast_tokens8_seed44/best.pt,42,2,KITCHEN_SCENE3_turn_on_the_stove_and_put_the_moka_pot_on_it,35,0,0.0,300,300,0,
2026-07-04T11:44:31.116755+00:00,libero_10,diagnostic_event_gated_act_h20_task2_fast_tokens8_seed44,checkpoints/diagnostic_event_gated_task2_seed44_fast_tokens8/diagnostic_event_gated_act_h20_task2_fast_tokens8_seed44/best.pt,42,2,KITCHEN_SCENE3_turn_on_the_stove_and_put_the_moka_pot_on_it,36,1,1.0,283,300,0,
2026-07-04T11:44:44.617214+00:00,libero_10,diagnostic_event_gated_act_h20_task2_fast_tokens8_seed44,checkpoints/diagnostic_event_gated_task2_seed44_fast_tokens8/diagnostic_event_gated_act_h20_task2_fast_tokens8_seed44/best.pt,42,2,KITCHEN_SCENE3_turn_on_the_stove_and_put_the_moka_pot_on_it,37,0,0.0,300,300,0,
2026-07-04T11:44:57.992204+00:00,libero_10,diagnostic_event_gated_act_h20_task2_fast_tokens8_seed44,checkpoints/diagnostic_event_gated_task2_seed44_fast_tokens8/diagnostic_event_gated_act_h20_task2_fast_tokens8_seed44/best.pt,42,2,KITCHEN_SCENE3_turn_on_the_stove_and_put_the_moka_pot_on_it,38,0,0.0,300,300,0,
